Hartlepool,Hartlepool
Middlesbrough,Thornaby East,Middlesbrough,Stockton-on-Tees
Middlesbrough South,East Cleveland,Middlesbrough,Redcar,Cleveland
Redcar,Redcar,Cleveland
Kingston upon Hull East,Kingston upon Hull
Kingston upon Hull West,Haltemprice,East Riding of Yorkshire,Kingston upon Hull
Kingston upon Hull North,Cottingham,East Riding of Yorkshire,Kingston upon Hull
Beverley,Holderness,East Riding of Yorkshire
Bridlington,the Wolds,East Riding of Yorkshire
Goole,Pocklington,East Riding of Yorkshire
Great Grimsby,Cleethorpes,North East Lincolnshire
Brigg,Immingham,North East Lincolnshire,North Lincolnshire
Darlington,Darlington
Stockton West,Darlington,Stockton-on-Tees
Widnes,Halewood,Halton,Knowsley
Runcorn,Helsby,Cheshire West,Chester,Halton
Warrington South,Warrington
Warrington North,Warrington
Tatton,Cheshire East,Cheshire West,Chester,Warrington
Stockton North,Stockton-on-Tees
Blackburn,Blackburn with Darwen
Rossendale,Darwen,Blackburn with Darwen,Rossendale,Lancashire
Blackpool North,Fleetwood,Blackpool,Wyre,Lancashire
Blackpool South,Blackpool
Derby South,Derby
Derby North,Derby
Mid Derbyshire,Amber Valley,Derby,Erewash,Derbyshire
Leicester West,Leicester
Leicester East,Leicester
Leicester South,Leicester
Rutland,Stamford,Harborough,Rutland,South Kesteven,Leicestershire,Lincolnshire,
Scunthorpe,North Lincolnshire
Doncaster East,the Isle of Axholme,Doncaster,North Lincolnshire
York Central,York
York Outer,York
Nottingham North,Kimberley,Broxtowe,Nottingham,Nottinghamshire
Nottingham East,Nottingham
Nottingham South,Nottingham
North Herefordshire,Herefordshire
Hereford,South Herefordshire,Herefordshire
Stoke-on-Trent Central,Stoke-on-Trent
Stoke-on-Trent North,Newcastle-under-Lyme,Stoke-on-Trent,Staffordshire,
Bath,Bath,North East Somerset
Frome,East Somerset,Bath,North East Somerset,Somerset
North East Somerset,Hanham,Bath,North East Somerset,South Gloucestershire
Bristol Central,Bristol
Bristol North West,Bristol
Bristol South,Bristol
Bristol East,Bristol
Bristol North East,Bristol,South Gloucestershire
Weston-super-Mare,North Somerset
North Somerset,North Somerset
The Wrekin,Shropshire,Telford,Wrekin
Telford,Telford,Wrekin
Wells,Mendip Hills,North Somerset,Somerset
Thornbury,Yate,South Gloucestershire
Filton,Bradley Stoke,South Gloucestershire
Plymouth Moor View,Plymouth
Plymouth Sutton,Devonport,Plymouth
South West Devon,Plymouth,South Hams,West Devon,Devon,
Torbay,Torbay
South Devon,South Hams,Torbay,Devon,
Swindon South,Swindon
East Wiltshire,Swindon,Wiltshire
Swindon North,Swindon
North West Cambridgeshire,Huntingdonshire,Peterborough,Cambridgeshire,
Peterborough,Peterborough
Southend East,Rochford,Southend-on-Sea,Essex,
Southend West,Leigh,Southend-on-Sea
Thurrock,Thurrock
South Basildon,East Thurrock,Basildon,Thurrock,Essex,
Rochester,Strood,Medway
Chatham,Aylesford,Medway,Tonbridge,Malling,Kent,
Gillingham,Rainham,Medway
Luton North,Luton
Luton South,South Bedfordshire,Central Bedfordshire,Luton
Stoke-on-Trent South,Stafford,Staffordshire Moorlands,Stoke-on-Trent,Staffordshire,
Windsor,Runnymede,Slough,Windsor,Maidenhead,Surrey,
Bracknell,Bracknell Forest
Maidenhead,Bracknell Forest,Windsor,Maidenhead
Reading West,Mid Berkshire,Reading,West Berkshire
Newbury,West Berkshire
City of Durham,County Durham
Reading Central,Reading
Bishop Auckland,County Durham
Easington,County Durham
Earley,Woodley,Reading,Wokingham
Newton Aycliffe,Spennymoor,County Durham
North Durham,County Durham
Wokingham,Wokingham
Buckingham,Bletchley,Buckinghamshire,Milton Keynes
Milton Keynes North,Milton Keynes
Milton Keynes Central,Milton Keynes
Hove,Portslade,Brighton,Hove
Slough,Slough
Congleton,Cheshire East
Chester South,Eddisbury,Cheshire East,Cheshire West,Chester
Macclesfield,Cheshire East
Crewe,Nantwich,Cheshire East
Mid Cheshire,Cheshire East,Cheshire West,Chester
Brighton Kemptown,Peacehaven,Brighton,Hove,Lewes,East Sussex
Brighton Pavilion,Brighton,Hove
Portsmouth North,Portsmouth
Portsmouth South,Portsmouth
Southampton Itchen,Southampton
Southampton Test,Southampton
Romsey,Southampton North,Southampton,Test Valley,Hampshire,
Chester North,Neston,Cheshire West,Chester
Ellesmere Port,Bromborough,Cheshire West,Chester,Wirral
Isle of Wight East,Isle of Wight
Isle of Wight West,Isle of Wight
Blaydon,Consett,County Durham,Gateshead
Melksham,Devizes,Wiltshire
Salisbury,Wiltshire
South West Wiltshire,Wiltshire
South Cotswolds,Cotswold,Stroud,Wiltshire,Gloucestershire,
Chippenham,Wiltshire
South East Cornwall,Cornwall
St Ives,Cornwall,Isles of Scilly
South Shropshire,Shropshire
North Bedfordshire,Bedford,Central Bedfordshire
Truro,Falmouth,Cornwall
St Austell,Newquay,Cornwall
North Cornwall,Cornwall
Camborne,Redruth,Cornwall
Shrewsbury,Shropshire
North Shropshire,Shropshire
Mid Bedfordshire,Bedford,Central Bedfordshire
Hitchin,Central Bedfordshire,North Hertfordshire,Hertfordshire
Dunstable,Leighton Buzzard,Central Bedfordshire
North Northumberland,Northumberland
Blyth,Ashington,Northumberland
Hexham,Newcastle upon Tyne,Northumberland
Cramlington,Killingworth,Newcastle upon Tyne,North Tyneside,Northumberland
Bournemouth West,Bournemouth,Christchurch,Poole
Bedford,Bedford
Carlisle,Cumberland
Penrith,Solway,Cumberland,Westmorland,Furness
Whitehaven,Workington,Cumberland
Mid Dorset,North Poole,Bournemouth,Christchurch,Poole,Dorset
Bournemouth East,Bournemouth,Christchurch,Poole
North Dorset,Dorset
Richmond,Northallerton,North Yorkshire
South Dorset,Dorset
Scarborough,Whitby,North Yorkshire
West Dorset,Dorset
Wellingborough,Rushden,North Northamptonshire
Selby,Leeds,North Yorkshire
Corby,East Northamptonshire,North Northamptonshire
Christchurch,Bournemouth,Christchurch,Poole,Dorset
Poole,Bournemouth,Christchurch,Poole
Harrogate,Knaresborough,North Yorkshire
Kettering,North Northamptonshire
Skipton,Ripon,North Yorkshire
Thirsk,Malton,North Yorkshire
Wetherby,Easingwold,Leeds,North Yorkshire
Barrow,Furness,Cumberland,Westmorland,
Wycombe,Buckinghamshire
Chesham,Amersham,Buckinghamshire
Aylesbury,Buckinghamshire
Beaconsfield,Buckinghamshire
Mid Buckinghamshire,Buckinghamshire
Taunton,Wellington,Somerset
Glastonbury,Somerton,Somerset
Bridgwater,Somerset
Yeovil,Somerset
Northampton North,West Northamptonshire
Northampton South,West Northamptonshire
South Northamptonshire,North Northamptonshire,West Northamptonshire
Daventry,North Northamptonshire,West Northamptonshire
Westmorland,Lonsdale,Westmorland,Furness
Morecambe,Lunesdale,Lancaster,Westmorland,Furness,Lancashire,
Tiverton,Minehead,Mid Devon,Somerset,Devon,
Cambridge,Cambridge,Cambridgeshire
Huntingdon,Huntingdonshire,Cambridgeshire
South Cambridgeshire,Cambridge,South Cambridgeshire,Cambridgeshire
Ely,East Cambridgeshire,South Cambridgeshire,Cambridgeshire
North East Cambridgeshire,Fenland,Cambridgeshire
Derbyshire Dales,Amber Valley,Derbyshire Dales,South Derbyshire,Derbyshire
High Peak,High Peak,Derbyshire
St Neots,Mid Cambridgeshire,Huntingdonshire,South Cambridgeshire,Cambridgeshire
Amber Valley,Amber Valley,Derbyshire
Central Devon,Mid Devon,Teignbridge,West Devon,Devon
North East Derbyshire,Chesterfield,North East Derbyshire,Derbyshire
Bolsover,Bolsover,Mansfield,North East Derbyshire,Derbyshire,Nottinghamshire
South Derbyshire,South Derbyshire,Derbyshire
Honiton,Sidmouth,East Devon,Mid Devon,Devon
Erewash,Erewash,Derbyshire
North Devon,North Devon,Devon
Chesterfield,Chesterfield,Derbyshire
Exmouth,Exeter East,East Devon,Exeter,Devon
Exeter,Exeter,Devon
Rayleigh,Wickford,Basildon,Rochford,Essex
Braintree,Braintree,Uttlesford,Essex
Witham,Braintree,Colchester,Maldon,Essex
East Grinstead,Uckfield,Lewes,Mid Sussex,Wealden,East Sussex,West Sussex
Brentwood,Ongar,Brentwood,Epping Forest,Essex
Castle Point,Basildon,Castle Point,Essex
Sussex Weald,Wealden,East Sussex
Epping Forest,Epping Forest,Essex
Torridge,Tavistock,Torridge,West Devon,Devon
Lewes,Lewes,Wealden,East Sussex
Maldon,Chelmsford,Maldon,Essex
Harwich,North Essex,Colchester,Tendring,Essex
Clacton,Tendring,Essex
North West Essex,Chelmsford,Uttlesford,Essex
Harlow,Epping Forest,Harlow,Uttlesford,Essex
Chelmsford,Chelmsford,Essex
Bexhill,Battle,Rother,Wealden,East Sussex
Basildon,Billericay,Basildon,Essex
Newton Abbot,Teignbridge,Devon
Colchester,Colchester,Essex
Eastbourne,Eastbourne,East Sussex
Hastings,Rye,Hastings,Rother,East Sussex
New Forest West,New Forest,Hampshire
New Forest East,New Forest,Hampshire
Aldershot,Hart,Rushmoor,Hampshire
North West Hampshire,Basingstoke,Deane,Test Valley,Hampshire
Gosport,Fareham,Gosport,Hampshire
Eastleigh,Eastleigh,Test Valley,Hampshire
Winchester,Winchester,Hampshire
Fareham,Waterlooville,Fareham,Havant,Winchester,Hampshire
East Hampshire,Basingstoke,Deane,East Hampshire,Hampshire
North Cotswolds,Cotswold,Stroud,Tewkesbury,Gloucestershire
Gloucester,Gloucester,Gloucestershire
Tewkesbury,Cheltenham,Gloucester,Tewkesbury,Gloucestershire
Hamble Valley,Eastleigh,Fareham,Winchester,Hampshire
Broxbourne,Broxbourne,East Hertfordshire,Hertfordshire
Forest of Dean,Forest of Dean,Tewkesbury,Gloucestershire
Farnham,Bordon,East Hampshire,Waverley,Hampshire,Surrey
North East Hampshire,Basingstoke,Deane,Hart,Hampshire
Havant,Havant,Hampshire
Stroud,Stroud,Gloucestershire
Basingstoke,Basingstoke,Deane,Hampshire
Cheltenham,Cheltenham,Gloucestershire
Hemel Hempstead,Dacorum,Hertfordshire
Harpenden,Berkhamsted,Dacorum,St Albans,Hertfordshire
South West Hertfordshire,Dacorum,Three Rivers,Hertfordshire
Hertsmere,Hertsmere,Welwyn Hatfield,Hertfordshire
Watford,Hertsmere,Watford,Hertfordshire
Sevenoaks,Dartford,Sevenoaks,Kent
Tonbridge,Sevenoaks,Tonbridge,Malling,Kent
Folkestone,Hythe,Folkestone,Kent
Ashford,Ashford,Folkestone,Hythe,Kent
Faversham,Mid Kent,Maidstone,Swale,Kent
Sittingbourne,Sheppey,Swale,Kent
Chorley,Chorley,Lancashire
Fylde,Fylde,Wyre,Lancashire
Canterbury,Canterbury,Kent
Herne Bay,Sandwich,Canterbury,Dover,Thanet,Kent
Dover,Deal,Dover,Kent
East Thanet,Thanet,Kent
Maidstone,Malling,Maidstone,Tonbridge,Kent
North East Hertfordshire,East Hertfordshire,North Hertfordshire,Hertfordshire
Gravesham,Gravesham,Kent
Weald of Kent,Ashford,Maidstone,Tunbridge Wells,Kent
Stevenage,East Hertfordshire,North Hertfordshire,Stevenage,Hertfordshire
Tunbridge Wells,Tunbridge Wells,Kent
Dartford,Dartford,Kent
Hyndburn,Hyndburn,Rossendale,Lancashire
Burnley,Burnley,Pendle,Lancashire
Lancaster,Wyre,Lancaster,Lancashire
South Ribble,Chorley,South Ribble,Lancashire
Pendle,Clitheroe,Pendle,Ribble Valley,Lancashire
Harborough,Oadby,Wigston,Harborough,Leicestershire
Ribble Valley,Preston,Ribble Valley,South Ribble,Lancashire
South Leicestershire,Blaby,Harborough,Leicestershire
Sleaford,North Hykeham,North Kesteven,Lincolnshire
Lincoln,Lincoln,North Kesteven,Lincolnshire
West Lancashire,West Lancashire,Lancashire
North West Leicestershire,North West Leicestershire,Leicestershire
Mid Leicestershire,Blaby,Charnwood,Hinckley,Bosworth,Leicestershire
Louth,Horncastle,East Lindsey,Lincolnshire
Hinckley,Bosworth,Hinckley,North West Leicestershire,Leicestershire
Southport,Sefton,West Lancashire,Lancashire,
Grantham,Bourne,North Kesteven,South Kesteven,Lincolnshire
Boston,Skegness,Boston,East Lindsey,Lincolnshire
Loughborough,Charnwood,Leicestershire
Melton,Syston,Charnwood,Melton,Leicestershire
Preston,Preston,Lancashire
South Holland,the Deepings,South Holland,South Kesteven,Lincolnshire
Waveney Valley,East Suffolk,Mid Suffolk,South Norfolk,Norfolk,Suffolk
South Norfolk,South Norfolk,Norfolk
Mid Norfolk,Breckland,South Norfolk,Norfolk
Norwich South,Norwich,South Norfolk,Norfolk
Ashfield,Ashfield,Nottinghamshire
Sherwood Forest,Ashfield,Gedling,Newark,Sherwood,Nottinghamshire
Bassetlaw,Bassetlaw,Nottinghamshire
Newark,Bassetlaw,Newark,Sherwood,Rushcliffe,Nottinghamshire
Gedling,Gedling,Nottinghamshire
Rushcliffe,Rushcliffe,Nottinghamshire
Great Yarmouth,Great Yarmouth,Norfolk
Banbury,Cherwell,West Oxfordshire,Oxfordshire
South West Norfolk,Breckland,King's Lynn,West Norfolk,Norfolk
Broadland,Fakenham,Broadland,North Norfolk,Norfolk
Norwich North,Broadland,Norwich,Norfolk
Mansfield,Mansfield,Nottinghamshire
Broxtowe,Broxtowe,Nottinghamshire
North Norfolk,North Norfolk,Norfolk
North West Norfolk,King's Lynn,West Norfolk,Norfolk
Gainsborough,West Lindsey,Lincolnshire
Kingswinford,South Staffordshire,Dudley,Staffordshire
Stafford,Newcastle-under-Lyme,Stafford,Staffordshire
Stone,Great Wyrley,Penkridge,South Staffordshire,Stafford,Staffordshire
Central Suffolk,North Ipswich,East Suffolk,Ipswich,Mid Suffolk,Suffolk
Staffordshire Moorlands,Staffordshire Moorlands,Staffordshire
Epsom,Ewell,Epsom,Mole Valley,Surrey
Lichfield,East Staffordshire,Lichfield,Staffordshire
Henley,Thame,South Oxfordshire,Oxfordshire
Tamworth,Lichfield,Tamworth,Staffordshire
Didcot,Wantage,South Oxfordshire,Vale of White Horse,Oxfordshire
Bury St Edmunds,Stowmarket,Mid Suffolk,West Suffolk,Suffolk
Guildford,Guildford,Surrey
Oxford West,Abingdon,Oxford,Vale of White Horse,Oxfordshire
Witney,Vale of White Horse,West Oxfordshire,Oxfordshire
Bicester,Woodstock,Cherwell,West Oxfordshire,Oxfordshire
Surrey Heath,Guildford,Surrey Heath,Surrey
Newcastle-under-Lyme,Newcastle-under-Lyme,Staffordshire
Godalming,Ash,Guildford,Waverley,Surrey
Dorking,Horley,Mole Valley,Reigate,Banstead,Waverley,Surrey
Reigate,Reigate,Banstead,Surrey
East Surrey,Reigate,Banstead,Tandridge,Surrey
South Suffolk,Babergh,Suffolk
Esher,Walton,Elmbridge,Surrey
Runnymede,Weybridge,Elmbridge,Runnymede,Surrey
Cannock Chase,Cannock Chase,Staffordshire
Oxford East,Oxford,Oxfordshire
Burton,Uttoxeter,East Staffordshire,Staffordshire
Ipswich,Ipswich,Suffolk
Woking,Woking,Surrey
Nuneaton,North Warwickshire,Nuneaton,Bedworth,Warwickshire
North Warwickshire,Bedworth,North Warwickshire,Nuneaton,Warwickshire
Rugby,Nuneaton,Bedworth,Rugby,Warwickshire
Arundel,South Downs,Arun,Chichester,Horsham,West Sussex
Kenilworth,Southam,Rugby,Stratford-on-Avon,Warwick,Warwickshire
East Worthing,Shoreham,Adur,Worthing,West Sussex
Bognor Regis,Littlehampton,Arun,West Sussex
Horsham,Horsham,West Sussex
Chichester,Arun,Chichester,West Sussex
Worthing West,Arun,Worthing,West Sussex
Bromsgrove,Bromsgrove,Worcestershire
West Worcestershire,Malvern Hills,Wychavon,Worcestershire
Warwick,Leamington,Warwick,Warwickshire
Stratford-on-Avon,Stratford-on-Avon,Warwickshire
Crawley,Crawley,West Sussex
Mid Sussex,Mid Sussex,West Sussex
Spelthorne,Spelthorne,Surrey
Oldham East,Saddleworth,Oldham
Oldham West,Chadderton,Royton,Oldham
Manchester Central,Manchester,Oldham
Welwyn Hatfield,Welwyn Hatfield,Hertfordshire
Bury North,Bury
Worsley,Eccles,Salford,Wigan
Salford,Salford
Bury South,Bury,Salford
Droitwich,Evesham,Wychavon,Worcestershire
Manchester Rusholme,Manchester
Wythenshawe,Sale East,Manchester,Trafford
Gorton,Denton,Manchester,Tameside
Blackley,Middleton South,Manchester,Rochdale
Manchester Withington,Manchester
Lowestoft,East Suffolk,Suffolk
Suffolk Coastal,East Suffolk,Suffolk
Wyre Forest,Wyre Forest,Worcestershire
Hertford,Stortford,East Hertfordshire,Hertfordshire
Bolton South,Walkden,Bolton,Salford
Rochdale,Rochdale
Heywood,Middleton North,Rochdale
West Suffolk,West Suffolk,Suffolk
Redditch,Redditch,Wychavon,Worcestershire
Cheadle,Stockport
St Albans,St Albans,Hertfordshire
Hazel Grove,Stockport
Stockport,Stockport
Worcester,Worcester,Worcestershire
Bolton North East,Bolton
Ashton-under-Lyne,Tameside
Stalybridge,Hyde,Tameside
Bolton West,Bolton
Newcastle upon Tyne East,Wallsend,Newcastle upon Tyne,North Tyneside
Newcastle upon Tyne Central,West,Newcastle upon Tyne
Newcastle upon Tyne North,Newcastle upon Tyne,North Tyneside
Tynemouth,North Tyneside
Bootle,Sefton
Rother Valley,Rotherham
South Shields,South Tyneside
Jarrow,Gateshead East,Gateshead,South Tyneside
Liverpool Garston,Liverpool
Penistone,Stocksbridge,Barnsley,Sheffield
Makerfield,Wigan
Liverpool Wavertree,Liverpool
Rawmarsh,Conisbrough,Doncaster,Rotherham
Barnsley South,Barnsley
Rotherham,Rotherham
Wigan,Wigan
Sheffield Heeley,Sheffield
Barnsley North,Barnsley
Leigh,Atherton,Wigan
Sheffield South East,Sheffield
Sefton Central,Sefton
Liverpool West Derby,Knowsley,Liverpool
Liverpool Riverside,Liverpool
Sheffield Central,Sheffield
Liverpool Walton,Liverpool,Sefton
Sheffield Brightside,Hillsborough,Sheffield
Doncaster North,Doncaster
Sheffield Hallam,Sheffield
Doncaster Central,Doncaster
St Helens North,St. Helens
St Helens South,Whiston,Knowsley,St. Helens
Altrincham,Sale West,Trafford
Birkenhead,Wirral
Stretford,Urmston,Trafford
Wirral West,Wirral
Knowsley,Knowsley
Wallasey,Wirral
Walsall,Bloxwich,Walsall
Aldridge-Brownhills,Walsall
Birmingham Erdington,Birmingham
Pontefract,Castleford,Knottingley,Wakefield
Coventry North West,Coventry
Wolverhampton North East,Walsall,Wolverhampton
Wolverhampton South East,Walsall,Wolverhampton
Wolverhampton West,Wolverhampton
Shipley,Bradford
Bradford East,Bradford
Bradford South,Bradford
Bradford West,Bradford
Keighley,Ilkley,Bradford
Colne Valley,Kirklees
Tipton,Wednesbury,Dudley,Sandwell
Huddersfield,Kirklees
Birmingham Hall Green,Moseley,Birmingham
West Bromwich,Sandwell
Coventry East,Coventry
Sunderland Central,Sunderland
Coventry South,Coventry
Normanton,Hemsworth,Wakefield
Birmingham Perry Barr,Birmingham
Washington,Gateshead South,Gateshead,Sunderland
Dewsbury,Batley,Kirklees
Wakefield,Rothwell,Leeds,Wakefield
Houghton,Sunderland South,Sunderland
Calder Valley,Calderdale
Halifax,Calderdale
Spen Valley,Kirklees
Ossett,Denby Dale,Kirklees,Wakefield
Birmingham Edgbaston,Birmingham
Smethwick,Sandwell
Leeds South West,Morley,Leeds
Leeds West,Pudsey,Leeds
Birmingham Hodge Hill,Solihull North,Birmingham,Solihull
Birmingham Selly Oak,Birmingham
Leeds South,Leeds
Birmingham Northfield,Birmingham
Leeds North East,Leeds
Stourbridge,Dudley
Halesowen,Dudley,Sandwell
Dudley,Dudley
Leeds East,Leeds
Leeds North West,Leeds
Birmingham Ladywood,Birmingham
Gateshead Central,Whickham,Gateshead
Leeds Central,Headingley,Leeds
Meriden,Solihull East,Solihull
Solihull West,Shirley,Solihull
Birmingham Yardley,Birmingham
Cities of London,Westminster,City of London,
Sutton Coldfield,Birmingham
Croydon East,Croydon
Streatham,Croydon North,Croydon,Lambeth
Croydon South,Croydon
Croydon West,Croydon
Ealing North,Ealing
Ealing Southall,Ealing
Ealing Central,Acton,Ealing,Hammersmith,Fulham
Southgate,Wood Green,Enfield,Haringey
Enfield North,Enfield
Edmonton,Winchmore Hill,Enfield
Hornsey,Friern Barnet,Barnet,Haringey
Romford,Havering
Chipping Barnet,Barnet
Tottenham,Hackney,Haringey
Hornchurch,Upminster,Havering
Dagenham,Rainham,Barking,Dagenham,Havering
Hackney North,Stoke Newington,Hackney
Finchley,Golders Green,Barnet
Hendon,Barnet
Hackney South,Shoreditch,Hackney
Hayes,Harlington,Hillingdon
Islington South,Finsbury,Hackney,Islington
Orpington,Bromley
Hammersmith,Chiswick,Hammersmith,Fulham,Hounslow
Chelsea,Fulham,Hammersmith,Kensington,Chelsea
Hampstead,Highgate,Camden,Haringey
Eltham,Chislehurst,Bromley,Greenwich
Bexleyheath,Crayford,Bexley
Uxbridge,South Ruislip,Hillingdon
Erith,Thamesmead,Bexley,Greenwich
Beckenham,Penge,Bromley
Ruislip,Northwood,Pinner,Harrow,Hillingdon
Old Bexley,Sidcup,Bexley
Bromley,Biggin Hill,Bromley
Barking,Barking,Dagenham
Harrow East,Brent,Harrow
Brent West,Brent
Brent East,Brent
Queen's Park,Maida Vale,Brent,Westminster
Harrow West,Harrow
Greenwich,Woolwich,Greenwich
Ilford South,Barking,Dagenham,Redbridge
Feltham,Heston,Hounslow
Brentford,Isleworth,Hounslow,Richmond upon Thames
Holborn,St Pancras,Camden
Islington North,Islington
West Ham,Beckton,Newham
East Ham,Newham
Stratford,Bow,Newham,Tower Hamlets
Wimbledon,Kingston upon Thames,Merton
Ilford North,Redbridge
Chingford,Woodford Green,Redbridge,Waltham Forest
Leyton,Wanstead,Redbridge,Waltham Forest
Richmond Park,Kingston upon Thames,Richmond upon Thames
Twickenham,Richmond upon Thames
Bermondsey,Old Southwark,Southwark
Vauxhall,Camberwell Green,Lambeth,Southwark
South Antrim,Antrim,Newtownabbey,Lisburn,Castlereagh
Dulwich,West Norwood,Lambeth,Southwark
Battersea,Wandsworth
Lewisham West,East Dulwich,Lewisham,Southwark
Poplar,Limehouse,Tower Hamlets
Kingston,Surbiton,Kingston upon Thames
Lewisham East,Lewisham
Tooting,Wandsworth
Kensington,Bayswater,Kensington,Chelsea,Westminster
Belfast North,Antrim,Newtownabbey,Belfast
Putney,Wandsworth
Lewisham North,Lewisham
Bethnal Green,Stepney,Tower Hamlets
Peckham,Southwark
Walthamstow,Waltham Forest
Clapham,Brixton Hill,Lambeth
East Antrim,Antrim,Newtownabbey,Causeway Coast,Glens,Mid,East Antrim
Mitcham,Morden,Merton
Carshalton,Wallington,Sutton
Sutton,Cheam,Sutton
Lagan Valley,Armagh City,Banbridge,Craigavon,Lisburn,Castlereagh
Upper Bann,Armagh City,Banbridge,Craigavon
South Down,Armagh City,Banbridge,Craigavon,Newry,Mourne,Down
Fermanagh,South Tyrone,Armagh City,Banbridge,Craigavon,Fermanagh,Omagh,Mid Ulster
Newry,Armagh,Armagh City,Banbridge,Craigavon,Newry,Mourne,Down
Belfast East,Belfast,Lisburn,Castlereagh
Belfast West,Belfast,Lisburn,Castlereagh
Belfast South,Mid Down,Belfast,Lisburn,Castlereagh,Newry,Mourne,Down
Mid Ulster,Armagh City,Banbridge,Craigavon,Mid Ulster
East Londonderry,Causeway Coast,Glens,Derry City,Strabane
Foyle,Derry City,Strabane
Strangford,Ards,North Down,Newry,Mourne,Down
North Down,Ards,North Down,Belfast
West Tyrone,Derry City,Strabane,Fermanagh,Omagh,Mid Ulster
North Antrim,Causeway Coast,Glens,Mid,East Antrim
Inverclyde,Renfrewshire West,Inverclyde,Renfrewshire
Midlothian,Midlothian
Na h-Eileanan an Iar,Na h-Eileanan Siar
Aberdeen South,Aberdeen City
Moray West,Nairn,Strathspey,Highland,Moray
Aberdeenshire North,Moray East,Aberdeenshire,Moray
Central Ayrshire,North Ayrshire,South Ayrshire
North Ayrshire,Arran,North Ayrshire
Orkney,Shetland,Orkney Islands,Shetland Islands
Dumfriesshire,Clydesdale,Tweeddale,Dumfries,Galloway,Scottish Borders,South Lanarkshire
Berwickshire,Roxburgh,Selkirk,Scottish Borders
Glenrothes,Mid Fife,Fife
Bathgate,Linlithgow,Falkirk,West Lothian
Edinburgh West,City of Edinburgh
Edinburgh South West,City of Edinburgh
Dunfermline,Dollar,Clackmannanshire,Fife
Perth,Kinross-shire,Perth,Kinross
Angus,Perthshire Glens,Angus,Perth,Kinross
Alloa,Grangemouth,Clackmannanshire,Falkirk
Dumfries,Galloway,Dumfries,
Kilmarnock,Loudoun,East Ayrshire
Ayr,Carrick,Cumnock,East Ayrshire,South Ayrshire
Edinburgh East,Musselburgh,City of Edinburgh,East Lothian
Lothian East,East Lothian
East Renfrewshire,East Renfrewshire
Edinburgh South,City of Edinburgh
Arbroath,Broughty Ferry,Angus,Dundee City
Gordon,Buchan,Aberdeenshire
Dundee Central,Dundee City
Hamilton,Clyde Valley,South Lanarkshire
Motherwell,Wishaw,Carluke,North Lanarkshire,South Lanarkshire
Edinburgh North,Leith,City of Edinburgh
Falkirk,Falkirk
Stirling,Strathallan,Perth,Kinross,Stirling
Mid Dunbartonshire,East Dunbartonshire
Cumbernauld,Kirkintilloch,East Dunbartonshire,North Lanarkshire
Cowdenbeath,Kirkcaldy,Fife
North East Fife,Fife
West Aberdeenshire,Kincardine,Aberdeenshire
Argyll,Bute,South Lochaber,Argyll,Highland
Glasgow South,Glasgow City
Paisley,Renfrewshire North,Glasgow City,Renfrewshire
Glasgow South West,Glasgow City
East Kilbride,Strathaven,South Lanarkshire
Rutherglen,South Lanarkshire
Caithness,Sutherland,Easter Ross,Highland
Paisley,Renfrewshire South,Renfrewshire
Inverness,Skye,West Ross-shire,Highland
Aberdeen North,Aberdeen City
Glasgow East,Glasgow City
Glasgow North East,Glasgow City
Glasgow North,Glasgow City
West Dunbartonshire,Glasgow City,West Dunbartonshire
Glasgow West,Glasgow City
Livingston,West Lothian
Clwyd East,Denbighshire,Flintshire,Wrexham
Alyn,Deeside,Flintshire
Montgomeryshire,Glyndwr,Powys,Wrexham
Wrexham,Wrexham
Dwyfor Meirionnydd,Denbighshire,Gwynedd
Ceredigion Preseli,Ceredigion,Pembrokeshire
Mid,South Pembrokeshire,Pembrokeshire
Bangor Aberconwy,Conwy,Denbighshire,Gwynedd
Clwyd North,Conwy,Denbighshire
Caerfyrddin,Carmarthenshire
Llanelli,Carmarthenshire
Coatbridge,Bellshill,North Lanarkshire
Airdrie,Shotts,North Lanarkshire
Ynys Môn,Isle of Anglesey
Gower,Swansea
Neath,Swansea East,Neath Port Talbot,Swansea
Swansea West,Swansea
Vale of Glamorgan,Vale of Glamorgan
Newport West,Islwyn,Caerphilly,Newport
Monmouthshire,Monmouthshire
Aberafan Maesteg,Bridgend,Neath Port Talbot
Brecon,Radnor,Cwm Tawe,Neath Port Talbot,Powys
Merthyr Tydfil,Aberdare,Merthyr Tydfil,Rhondda Cynon Taf
Caerphilly,Caerphilly
Pontypridd,Rhondda Cynon Taf
Blaenau Gwent,Rhymney,Blaenau Gwent,Caerphilly
Cardiff South,Penarth,Cardiff,Vale of Glamorgan
Rhondda,Ogmore,Bridgend,Rhondda Cynon Taf
Cardiff East,Cardiff
Cardiff West,Cardiff,Rhondda Cynon Taf
Cardiff North,Cardiff,Rhondda Cynon Taf
Bridgend,Bridgend
Torfaen,Torfaen
Newport East,Newport
